label_name,bbox_x,bbox_y,bbox_width,bbox_height,image_name,image_width,image_height
color_palate_and_measuring_object,709,5,59,633,0000000000010109.jpg,768,1055
id_tag,580,888,124,57,0000000000010109.jpg,768,1055
color_palate,686,28,82,533,0000000410842681.jpg,768,1113
measuring_object,681,568,55,369,0000000410842681.jpg,768,1113
id_tag,5,1043,123,63,0000000410842681.jpg,768,1113
color_palate_and_measuring_object,709,0,59,636,0000000a000d0001.jpg,768,1055
id_tag,599,934,107,55,0000000a000d0001.jpg,768,1055
color_palate,687,33,81,523,0000001818d060c1.jpg,768,1114
measuring_object,682,553,53,380,0000001818d060c1.jpg,768,1114
id_tag,219,737,126,55,0000001818d060c1.jpg,768,1114
id_tag,485,938,131,63,0000001818d060c1.jpg,768,1114
id_tag,10,1021,126,55,0000001818d060c1.jpg,768,1114
color_palate,694,5,74,541,000000a270503034.jpg,768,1069
measuring_object,694,553,58,389,000000a270503034.jpg,768,1069
id_tag,496,456,133,56,000000a270503034.jpg,768,1069
id_tag,409,1006,125,56,000000a270503034.jpg,768,1069
color_palate,685,15,83,535,00000484a060a054.jpg,768,937
id_tag,228,859,125,53,00000484a060a054.jpg,768,937
id_tag,444,861,127,63,00000484a060a054.jpg,768,937
measuring_object,677,552,66,381,00000484a060a054.jpg,768,937
color_palate,684,0,84,527,000006000818181d.jpg,768,1096
measuring_object,692,529,57,374,000006000818181d.jpg,768,1096
id_tag,343,1032,121,62,000006000818181d.jpg,768,1096
id_tag,541,512,126,57,000006000818181d.jpg,768,1096
color_palate,689,0,79,536,0000082624606065.jpg,768,1115
id_tag,531,232,126,58,0000082624606065.jpg,768,1115
id_tag,347,951,138,63,0000082624606065.jpg,768,1115
info_tag,450,310,237,131,0000082624606065.jpg,768,1115
info_tag,168,712,244,70,0000082624606065.jpg,768,1115
info_tag,168,843,284,91,0000082624606065.jpg,768,1115
measuring_object,689,536,60,393,0000082624606065.jpg,768,1115
info_tag,10,209,164,166,0000082624606065.jpg,768,1115
info_tag,395,743,284,304,0000100c0c10c0c4.jpg,768,1123
color_palate,689,3,79,532,0000100c0c10c0c4.jpg,768,1123
measuring_object,689,535,58,388,0000100c0c10c0c4.jpg,768,1123
id_tag,15,968,112,56,0000100c0c10c0c4.jpg,768,1123
color_palate,595,355,467,241,00001027270161d0.jpg,1152,768
info_tag,177,286,372,132,00001027270161d0.jpg,1152,768
miscellaneous,595,126,303,220,00001027270161d0.jpg,1152,768
color_palate,539,540,605,113,00eece0e0e4a5ab0.jpg,1150,768
measuring_object,22,577,513,79,00eece0e0e4a5ab0.jpg,1150,768
id_tag,301,521,155,55,00eece0e0e4a5ab0.jpg,1150,768
info_tag,620,152,515,383,00eece0e0e4a5ab0.jpg,1150,768
info_tag,158,147,393,95,00eece0e0e4a5ab0.jpg,1150,768
color_palate,691,5,77,522,0a060e46843020e6.jpg,768,1095
measuring_object,686,526,64,373,0a060e46843020e6.jpg,768,1095
info_tag,407,853,284,237,0a060e46843020e6.jpg,768,1095
id_tag,19,1031,119,57,0a060e46843020e6.jpg,768,1095
measuring_object,470,4,680,275,0a08498f8f47c7c7.jpg,1151,768
miscellaneous,3,286,499,481,0a08498f8f47c7c7.jpg,1151,768
info_tag,287,290,196,99,0a08498f8f47c7c7.jpg,1151,768
info_tag,290,394,199,109,0a08498f8f47c7c7.jpg,1151,768
info_tag,206,496,277,185,0a08498f8f47c7c7.jpg,1151,768
miscellaneous,3,0,462,277,0a08498f8f47c7c7.jpg,1151,768
miscellaneous,500,267,645,44,0a08498f8f47c7c7.jpg,1151,768
measuring_object,484,0,667,240,0a08cd8687478787.jpg,1151,768
miscellaneous,0,258,525,508,0a08cd8687478787.jpg,1151,768
info_tag,320,341,196,125,0a08cd8687478787.jpg,1151,768
info_tag,327,258,185,83,0a08cd8687478787.jpg,1151,768
miscellaneous,1,4,483,240,0a08cd8687478787.jpg,1151,768
miscellaneous,521,242,624,39,0a08cd8687478787.jpg,1151,768
measuring_object,447,1,704,210,0a090b0e0f4f4f4f.jpg,1151,768
info_tag,299,242,185,76,0a090b0e0f4f4f4f.jpg,1151,768
info_tag,313,309,166,88,0a090b0e0f4f4f4f.jpg,1151,768
info_tag,280,385,194,127,0a090b0e0f4f4f4f.jpg,1151,768
info_tag,294,515,183,102,0a090b0e0f4f4f4f.jpg,1151,768
miscellaneous,1,230,495,536,0a090b0e0f4f4f4f.jpg,1151,768
miscellaneous,0,0,445,219,0a090b0e0f4f4f4f.jpg,1151,768
miscellaneous,451,210,691,39,0a090b0e0f4f4f4f.jpg,1151,768
measuring_object,484,4,667,199,0a098f8787a78787.jpg,1151,768
info_tag,350,226,157,39,0a098f8787a78787.jpg,1151,768
info_tag,327,260,190,42,0a098f8787a78787.jpg,1151,768
info_tag,315,304,201,102,0a098f8787a78787.jpg,1151,768
info_tag,299,415,224,134,0a098f8787a78787.jpg,1151,768
miscellaneous,0,226,535,541,0a098f8787a78787.jpg,1151,768
miscellaneous,5,0,483,216,0a098f8787a78787.jpg,1151,768
miscellaneous,491,212,656,32,0a098f8787a78787.jpg,1151,768
color_palate,680,0,88,521,0a12364882409093.jpg,768,1089
measuring_object,680,519,59,374,0a12364882409093.jpg,768,1089
id_tag,291,516,118,64,0a12364882409093.jpg,768,1089
id_tag,215,917,125,59,0a12364882409093.jpg,768,1089
id_tag,463,865,125,57,0a12364882409093.jpg,768,1089
info_tag,9,487,283,116,0a12364882409093.jpg,768,1089
info_tag,23,433,199,54,0a12364882409093.jpg,768,1089
info_tag,227,769,236,76,0a12364882409093.jpg,768,1089
info_tag,227,843,231,76,0a12364882409093.jpg,768,1089
info_tag,449,949,226,57,0a12364882409093.jpg,768,1089
info_tag,463,1005,216,79,0a12364882409093.jpg,768,1089
color_palate_and_measuring_object,710,7,58,614,0a1426060d21012c.jpg,768,1023
id_tag,533,7,164,65,0a1426060d21012c.jpg,768,1023
id_tag,140,626,176,62,0a1426060d21012c.jpg,768,1023
info_tag,115,700,212,143,0a1426060d21012c.jpg,768,1023
info_tag,184,845,222,115,0a1426060d21012c.jpg,768,1023
info_tag,454,836,229,118,0a1426060d21012c.jpg,768,1023
info_tag,604,540,81,42,0a1426060d21012c.jpg,768,1023
color_palate_and_measuring_object,704,9,64,637,0a1a1a0a1939332d.jpg,768,1049
id_tag,333,687,116,50,0a1a1a0a1939332d.jpg,768,1049
id_tag,229,829,111,54,0a1a1a0a1939332d.jpg,768,1049
id_tag,501,798,168,57,0a1a1a0a1939332d.jpg,768,1049
info_tag,98,888,197,109,0a1a1a0a1939332d.jpg,768,1049
info_tag,498,857,208,140,0a1a1a0a1939332d.jpg,768,1049
info_tag,517,672,185,109,0a1a1a0a1939332d.jpg,768,1049
info_tag,345,642,163,38,0a1a1a0a1939332d.jpg,768,1049
measuring_object,812,50,173,698,0a2fd2d2c2c26262.jpg,1023,768
measuring_object,303,593,676,158,0a2fd2d2c2c26262.jpg,1023,768
info_tag,206,202,401,177,0a2fd2d2c2c26262.jpg,1023,768
info_tag,142,399,411,162,0a2fd2d2c2c26262.jpg,1023,768
info_tag,592,77,86,51,0a2fd2d2c2c26262.jpg,1023,768
info_tag,709,81,94,43,0a2fd2d2c2c26262.jpg,1023,768
info_tag,702,471,285,245,0a37881b17923313.jpg,1152,768
info_tag,672,485,199,282,0a37881b17923313.jpg,1152,768
color_palate,526,435,171,232,0a3b5721212464d4.jpg,768,1115
measuring_object,669,692,65,403,0a3b5721212464d4.jpg,768,1115
id_tag,0,901,133,33,0a3b5721212464d4.jpg,768,1115
info_tag,0,939,335,169,0a3b5721212464d4.jpg,768,1115
color_palate_and_measuring_object,705,12,63,637,0a3c343231596d6d.jpg,768,1057
id_tag,335,484,115,57,0a3c343231596d6d.jpg,768,1057
id_tag,526,697,115,50,0a3c343231596d6d.jpg,768,1057
id_tag,75,923,110,57,0a3c343231596d6d.jpg,768,1057
info_tag,485,828,220,162,0a3c343231596d6d.jpg,768,1057
info_tag,299,353,198,117,0a3c343231596d6d.jpg,768,1057
info_tag,70,649,236,150,0a3c343231596d6d.jpg,768,1057
info_tag,497,451,203,186,0a3c343231596d6d.jpg,768,1057
color_palate,682,0,86,522,0a485662230a8430.jpg,768,1080
measuring_object,680,524,66,390,0a485662230a8430.jpg,768,1080
id_tag,526,831,124,68,0a485662230a8430.jpg,768,1080
id_tag,126,441,127,59,0a485662230a8430.jpg,768,1080
info_tag,161,307,249,71,0a485662230a8430.jpg,768,1080
info_tag,92,887,254,51,0a485662230a8430.jpg,768,1080
info_tag,385,895,117,63,0a485662230a8430.jpg,768,1080
info_tag,558,924,110,32,0a485662230a8430.jpg,768,1080
measuring_object,419,0,732,235,0a494d4f4f4f4f4f.jpg,1151,768
miscellaneous,3,235,471,532,0a494d4f4f4f4f4f.jpg,1151,768
miscellaneous,1,4,416,227,0a494d4f4f4f4f4f.jpg,1151,768
miscellaneous,465,237,684,39,0a494d4f4f4f4f4f.jpg,1151,768
miscellaneous,3,4,476,215,0a498d47470787c7.jpg,1151,768
miscellaneous,498,219,647,39,0a498d47470787c7.jpg,1151,768
info_tag,301,535,192,129,0a498d47470787c7.jpg,1151,768
info_tag,276,223,215,95,0a498d47470787c7.jpg,1151,768
info_tag,246,318,250,122,0a498d47470787c7.jpg,1151,768
info_tag,280,427,220,125,0a498d47470787c7.jpg,1151,768
miscellaneous,0,216,512,545,0a498d47470787c7.jpg,1151,768
measuring_object,486,1,665,203,0a498d47470787c7.jpg,1151,768
measuring_object,505,4,643,227,0a49a5a7878787a7.jpg,1151,768
info_tag,336,508,201,118,0a49a5a7878787a7.jpg,1151,768
info_tag,364,445,166,58,0a49a5a7878787a7.jpg,1151,768
info_tag,225,253,319,127,0a49a5a7878787a7.jpg,1151,768
info_tag,431,397,83,30,0a49a5a7878787a7.jpg,1151,768
miscellaneous,3,4,508,236,0a49a5a7878787a7.jpg,1151,768
miscellaneous,0,242,544,520,0a49a5a7878787a7.jpg,1151,768
miscellaneous,507,233,643,39,0a49a5a7878787a7.jpg,1151,768
color_palate_and_measuring_object,703,5,65,576,0a4a4a52438d0199.jpg,768,1100
id_tag,256,1003,159,60,0a4a4a52438d0199.jpg,768,1100
info_tag,333,968,99,32,0a4a4a52438d0199.jpg,768,1100
info_tag,449,911,209,55,0a4a4a52438d0199.jpg,768,1100
info_tag,437,976,233,92,0a4a4a52438d0199.jpg,768,1100
info_tag,262,390,190,125,0a4b8fcf8f8fcfcf.jpg,1151,768
info_tag,248,279,210,113,0a4b8fcf8f8fcfcf.jpg,1151,768
info_tag,234,186,227,79,0a4b8fcf8f8fcfcf.jpg,1151,768
measuring_object,435,0,716,166,0a4b8fcf8f8fcfcf.jpg,1151,768
miscellaneous,0,0,433,179,0a4b8fcf8f8fcfcf.jpg,1151,768
miscellaneous,0,184,482,580,0a4b8fcf8f8fcfcf.jpg,1151,768
miscellaneous,435,163,712,39,0a4b8fcf8f8fcfcf.jpg,1151,768
measuring_object,451,0,700,240,0a4c4dcf4fc7cb4b.jpg,1151,768
miscellaneous,3,1,446,243,0a4c4dcf4fc7cb4b.jpg,1151,768
miscellaneous,0,249,505,518,0a4c4dcf4fc7cb4b.jpg,1151,768
miscellaneous,491,244,659,42,0a4c4dcf4fc7cb4b.jpg,1151,768
info_tag,687,674,388,30,0a4c4dcf4fc7cb4b.jpg,1151,768
measuring_object,456,0,695,219,0a4d4d474f474f4f.jpg,1151,768
miscellaneous,0,240,507,522,0a4d4d474f474f4f.jpg,1151,768
miscellaneous,1,1,460,233,0a4d4d474f474f4f.jpg,1151,768
miscellaneous,484,221,666,51,0a4d4d474f474f4f.jpg,1151,768
info_tag,685,674,391,32,0a4d4d474f474f4f.jpg,1151,768
measuring_object,440,0,711,203,0a4d4d4e4e4f4f4f.jpg,1151,768
miscellaneous,3,0,435,212,0a4d4d4e4e4f4f4f.jpg,1151,768
miscellaneous,0,221,486,543,0a4d4d4e4e4f4f4f.jpg,1151,768
miscellaneous,465,212,686,51,0a4d4d4e4e4f4f4f.jpg,1151,768
info_tag,729,713,393,35,0a4d4d4e4e4f4f4f.jpg,1151,768
measuring_object,421,0,728,221,0a4d4d4f4f4f4f4f.jpg,1151,768
miscellaneous,3,0,418,221,0a4d4d4f4f4f4f4f.jpg,1151,768
miscellaneous,0,226,479,536,0a4d4d4f4f4f4f4f.jpg,1151,768
miscellaneous,451,226,700,55,0a4d4d4f4f4f4f4f.jpg,1151,768
info_tag,710,709,409,30,0a4d4d4f4f4f4f4f.jpg,1151,768
measuring_object,431,0,720,189,0a4dcccf4fcb4fcf.jpg,1151,768
miscellaneous,3,1,425,208,0a4dcccf4fcb4fcf.jpg,1151,768
miscellaneous,0,203,479,564,0a4dcccf4fcb4fcf.jpg,1151,768
miscellaneous,440,200,710,44,0a4dcccf4fcb4fcf.jpg,1151,768
id_tag,696,683,402,28,0a4dcccf4fcb4fcf.jpg,1151,768
id_tag,715,697,384,37,0a4dcdcfcfc7c7cf.jpg,1151,768
measuring_object,449,0,702,219,0a4dcdcfcfc7c7cf.jpg,1151,768
miscellaneous,0,0,445,230,0a4dcdcfcfc7c7cf.jpg,1151,768
miscellaneous,3,237,499,529,0a4dcdcfcfc7c7cf.jpg,1151,768
miscellaneous,449,226,700,42,0a4dcdcfcfc7c7cf.jpg,1151,768
measuring_object,5,195,82,581,0a5ef4d1c3ce0381.jpg,768,1169
color_palate,427,932,338,232,0a5ef4d1c3ce0381.jpg,768,1169
color_palate,278,0,483,346,0b04080d0dcd887a.jpg,768,1486
measuring_object,613,362,141,829,0b04080d0dcd887a.jpg,768,1486
id_tag,9,1325,386,158,0b04080d0dcd887a.jpg,768,1486
measuring_object,647,4,72,764,0b2f2b715b1b2b23.jpg,969,768
info_tag,172,9,477,218,0b2f2b715b1b2b23.jpg,969,768
info_tag,1,257,640,333,0b2f2b715b1b2b23.jpg,969,768
info_tag,421,603,224,165,0b2f2b715b1b2b23.jpg,969,768
color_palate,1,247,157,219,0b4fc76e6589c782.jpg,768,1142
measuring_object,256,0,392,59,0b4fc76e6589c782.jpg,768,1142
id_tag,637,482,119,52,0b4fc76e6589c782.jpg,768,1142
id_tag,207,714,126,62,0b4fc76e6589c782.jpg,768,1142
id_tag,189,1026,129,54,0b4fc76e6589c782.jpg,768,1142
id_tag,643,990,121,59,0b4fc76e6589c782.jpg,768,1142
id_tag,421,80,116,44,0b4fc76e6589c782.jpg,768,1142
info_tag,78,776,188,103,0b4fc76e6589c782.jpg,768,1142
info_tag,354,523,240,49,0b4fc76e6589c782.jpg,768,1142
info_tag,596,425,172,52,0b4fc76e6589c782.jpg,768,1142
info_tag,596,918,172,70,0b4fc76e6589c782.jpg,768,1142
info_tag,313,1070,175,67,0b4fc76e6589c782.jpg,768,1142
measuring_object,401,0,750,246,0b5d4c0f4fc7c7cf.jpg,1151,768
miscellaneous,3,4,398,257,0b5d4c0f4fc7c7cf.jpg,1151,768
miscellaneous,0,272,458,495,0b5d4c0f4fc7c7cf.jpg,1151,768
miscellaneous,394,253,756,51,0b5d4c0f4fc7c7cf.jpg,1151,768
info_tag,817,730,331,28,0b5d4c0f4fc7c7cf.jpg,1151,768
color_palate,7,778,175,245,0b6bd85b6c747858.jpg,768,1248
measuring_object,689,716,70,420,0b6bd85b6c747858.jpg,768,1248
id_tag,579,532,152,59,0b6bd85b6c747858.jpg,768,1248
id_tag,72,1163,146,62,0b6bd85b6c747858.jpg,768,1248
info_tag,0,524,292,85,0b6bd85b6c747858.jpg,768,1248
info_tag,216,620,293,146,0b6bd85b6c747858.jpg,768,1248
info_tag,224,1085,273,158,0b6bd85b6c747858.jpg,768,1248
info_tag,613,0,155,45,0b6bd85b6c747858.jpg,768,1248
info_tag,480,3,288,170,0b884c0ecd96b269.jpg,768,1109
info_tag,4,934,315,175,0b884c0ecd96b269.jpg,768,1109
info_tag,452,934,316,175,0b884c0ecd96b269.jpg,768,1109
id_tag,330,1059,110,45,0b884c0ecd96b269.jpg,768,1109
color_palate,610,178,158,223,0b884c0ecd96b269.jpg,768,1109
measuring_object,12,523,60,396,0b884c0ecd96b269.jpg,768,1109
id_tag,263,3,218,130,0b9b3316123173ec.jpg,768,1255
color_palate,5,992,176,263,0b9b3316123173ec.jpg,768,1255
info_tag,192,1153,159,93,0b9b3316123173ec.jpg,768,1255
info_tag,453,1057,315,190,0b9b3316123173ec.jpg,768,1255
measuring_object,682,331,71,436,0b9b3316123173ec.jpg,768,1255
color_palate,600,622,175,120,00b1b17971326060.jpg,1147,768
info_tag,335,606,235,131,00b1b17971326060.jpg,1147,768
measuring_object,8,172,75,447,0b83e7b333272314.jpg,768,1043
info_tag,147,812,619,97,0b83e7b333272314.jpg,768,1043
info_tag,145,914,623,106,0b83e7b333272314.jpg,768,1043
info_tag,328,575,524,174,0b191a462f0b0f96.jpg,1154,768
info_tag,192,165,505,226,0bc3d3d3c38383c3.jpg,1023,768
info_tag,110,404,553,238,0bc3d3d3c38383c3.jpg,1023,768
info_tag,660,599,156,47,0bc3d3d3c38383c3.jpg,1023,768
measuring_object,845,1,178,764,0bc3d3d3c38383c3.jpg,1023,768
measuring_object,134,638,889,129,0bc3d3d3c38383c3.jpg,1023,768
id_tag,299,311,534,116,0c0c4c4e5c9c3838.jpg,1152,768
id_tag,258,202,641,208,0c0c5a467e704080.jpg,1152,768
id_tag,456,323,150,128,0c1e8e335f0f0f0b.jpg,768,831
id_tag,238,28,401,278,0c1e8e335f0f0f0b.jpg,768,831
color_palate,142,503,243,171,0c162e2293732b4d.jpg,1151,768
measuring_object,872,626,139,60,0c162e2293732b4d.jpg,1151,768
color_palate_and_measuring_object,703,0,65,594,0cc84e326e1d93e5.jpg,768,1053
info_tag,342,787,364,264,0cc84e326e1d93e5.jpg,768,1053
measuring_object,0,178,60,443,0e2e8534332323c1.jpg,768,1275
color_palate,598,420,170,250,0e2e8534332323c1.jpg,768,1275
id_tag,304,1183,138,52,0e2e8534332323c1.jpg,768,1275
info_tag,178,1114,259,63,0e2e8534332323c1.jpg,768,1275
info_tag,443,1062,308,201,0e2e8534332323c1.jpg,768,1275
info_tag,121,275,311,297,0f1311c1650b07e0.jpg,768,878
info_tag,75,692,264,178,0f1311c1650b07e0.jpg,768,878
info_tag,43,8,824,488,1a125a0ac0890903.jpg,1382,768
info_tag,473,513,419,189,1a125a0ac0890903.jpg,1382,768
measuring_object,878,5,125,763,1a125a0ac0890903.jpg,1382,768
color_palate,0,855,316,223,1c2c6c3d052db57c.jpg,768,1176
measuring_object,605,480,125,536,1c2c6c3d052db57c.jpg,768,1176
id_tag,0,1078,284,93,1c2c6c3d052db57c.jpg,768,1176
info_tag,0,120,292,118,1e133d3131058547.jpg,768,1110
info_tag,6,8,263,115,1e133d3131058547.jpg,768,1110
info_tag,4,779,301,105,1e133d3131058547.jpg,768,1110
info_tag,9,940,286,168,1e133d3131058547.jpg,768,1110
id_tag,295,1060,118,45,1e133d3131058547.jpg,768,1110
measuring_object,365,1002,286,63,1e133d3131058547.jpg,768,1110
color_palate,600,774,158,226,1e133d3131058547.jpg,768,1110
color_palate,466,164,290,177,1e13212c2476724a.jpg,768,1119
measuring_object,683,371,71,409,1e13212c2476724a.jpg,768,1119
info_tag,14,1018,144,96,1e13212c2476724a.jpg,768,1119
info_tag,665,813,103,306,1e13212c2476724a.jpg,768,1119
color_palate,777,282,306,196,00c03e2b01800000.jpg,1147,768
info_tag,126,104,230,559,00c4d0d0d1d1d101.jpg,1023,768
info_tag,381,178,304,470,00c4d0d0d1d1d101.jpg,1023,768
info_tag,35,0,901,560,0a1a5b0a68c10a0a.jpg,1425,768
info_tag,542,560,401,208,0a1a5b0a68c10a0a.jpg,1425,768
measuring_object,940,0,117,768,0a1a5b0a68c10a0a.jpg,1425,768
info_tag,24,447,739,272,0b0b171b5b600529.jpg,768,768
info_tag,98,43,648,345,0b1a191931111202.jpg,1209,768
info_tag,227,431,515,313,0b1a191931111202.jpg,1209,768
measuring_object,751,4,163,764,0b1a191931111202.jpg,1209,768
color_palate,161,192,205,269,0b1f33373b1b1b0d.jpg,835,768
measuring_object,312,688,449,80,0b1f33373b1b1b0d.jpg,835,768
id_tag,248,477,218,95,0b1f33373b1b1b0d.jpg,835,768
color_palate,9,401,344,236,0b094b0332333cc8.jpg,865,768
id_tag,2,654,294,114,0b094b0332333cc8.jpg,865,768
measuring_object,313,656,551,102,0b094b0332333cc8.jpg,865,768
info_tag,233,484,410,258,0b53330b37999b9c.jpg,912,768
info_tag,488,231,181,139,0b53330b37999b9c.jpg,912,768
color_palate,96,365,223,311,0bcb99f7753323c4.jpg,768,889
measuring_object,11,171,96,409,0bcb99f7753323c4.jpg,768,889
id_tag,3,574,92,315,0bcb99f7753323c4.jpg,768,889
info_tag,76,37,731,232,0c4b2b0b23249595.jpg,1563,768
info_tag,61,269,741,213,0c4b2b0b23249595.jpg,1563,768
info_tag,368,517,421,235,0c4b2b0b23249595.jpg,1563,768
measuring_object,779,3,169,756,0c4b2b0b23249595.jpg,1563,768
color_palate,404,665,153,81,0c6c9e9e1e1f9fdb.jpg,1153,768
info_tag,757,1,395,301,0c618b233fbc4514.jpg,1152,768
info_tag,808,64,257,335,0c718d0f0f1ce31e.jpg,1152,768
info_tag,245,124,370,168,0c72626ec6c6fe62.jpg,1023,768
info_tag,144,416,386,154,0c72626ec6c6fe62.jpg,1023,768
measuring_object,818,143,166,625,0c72626ec6c6fe62.jpg,1023,768
measuring_object,342,648,633,120,0c72626ec6c6fe62.jpg,1023,768
measuring_object,11,611,68,439,0c14533998e8b83a.jpg,768,1254
color_palate,592,668,176,258,0c14533998e8b83a.jpg,768,1254
info_tag,498,920,270,91,0c14533998e8b83a.jpg,768,1254
id_tag,637,1011,131,65,0c14533998e8b83a.jpg,768,1254
info_tag,470,1067,298,187,0c14533998e8b83a.jpg,768,1254
info_tag,8,1152,266,102,0c14533998e8b83a.jpg,768,1254
info_tag,79,58,772,394,0c0816473726290d.jpg,1923,768
info_tag,314,498,502,228,0c0816473726290d.jpg,1923,768
measuring_object,851,0,185,768,0c0816473726290d.jpg,1923,768
info_tag,25,556,287,200,080808084888c97a.jpg,768,896
measuring_object,19,754,578,101,080808084888c97a.jpg,768,896
color_palate,595,763,168,107,080808084888c97a.jpg,768,896
color_palate_and_measuring_object,701,0,67,625,a28c8c9c8ca18393.jpg,768,1148
info_tag,406,912,293,91,a28c8c9c8ca18393.jpg,768,1148
info_tag,416,1011,285,119,a28c8c9c8ca18393.jpg,768,1148
id_tag,219,1052,197,91,a28c8c9c8ca18393.jpg,768,1148
id_tag,349,654,226,93,a42c0e0e4c0c0e4e.jpg,1409,768
measuring_object,145,0,747,122,a42c0e0e4c0c0e4e.jpg,1409,768
color_palate,903,0,224,145,a42c0e0e4c0c0e4e.jpg,1409,768
info_tag,864,168,545,600,a42c0e0e4c0c0e4e.jpg,1409,768
color_palate_and_measuring_object,709,7,59,648,2caeaca612952e28.jpg,768,1063
id_tag,116,876,127,103,2caeaca612952e28.jpg,768,1063
info_tag,286,782,286,204,2caeaca612952e28.jpg,768,1063
color_palate,373,566,395,272,2d168d0316256760.jpg,768,838
measuring_object,101,17,651,132,2d168d0316256760.jpg,768,838
id_tag,3,622,301,132,2d168d0316256760.jpg,768,838
measuring_object,197,1,954,148,2d189f1e0e0c0c1e.jpg,1151,768
miscellaneous,3,1,187,162,2d189f1e0e0c0c1e.jpg,1151,768
miscellaneous,3,154,317,614,2d189f1e0e0c0c1e.jpg,1151,768
miscellaneous,313,152,838,79,2d189f1e0e0c0c1e.jpg,1151,768
measuring_object,90,899,489,96,2d19193d1c300f43.jpg,768,1210
color_palate,325,1011,284,199,2d19193d1c300f43.jpg,768,1210
id_tag,27,1112,243,98,2d19193d1c300f43.jpg,768,1210
id_tag,24,634,207,73,2dc98d8e4c48e176.jpg,768,1081
color_palate,600,627,168,249,2dc98d8e4c48e176.jpg,768,1081
info_tag,551,886,190,73,2dc98d8e4c48e176.jpg,768,1081
color_palate,0,508,182,264,2dcd4c6dcd2430e8.jpg,768,1230
id_tag,0,1152,202,78,2dcd4c6dcd2430e8.jpg,768,1230
measuring_object,329,1136,439,94,2dcd4c6dcd2430e8.jpg,768,1230
info_tag,547,0,245,344,2de40d631f38c71c.jpg,1152,768
color_palate_and_measuring_object,705,0,63,557,e0e0b0e0f8f1e1e5.jpg,768,1007
id_tag,330,948,91,41,e0e0b0e0f8f1e1e5.jpg,768,1007
color_palate_and_measuring_object,705,2,63,594,e0e0b8e0f1f1c1cf.jpg,768,1091
id_tag,567,970,128,49,e0e0b8e0f1f1c1cf.jpg,768,1091
color_palate,21,598,107,263,e0e0b8811d1d1f1f.jpg,768,1152
measuring_object,21,523,733,83,e0e0b8811d1d1f1f.jpg,768,1152
info_tag,26,29,549,213,e0e0b8811d1d1f1f.jpg,768,1152
color_palate_and_measuring_object,697,0,71,572,e0e0c4e2e4e1e1e9.jpg,768,1009
id_tag,328,957,98,43,e0e0c4e2e4e1e1e9.jpg,768,1009
color_palate_and_measuring_object,0,13,73,619,e0e0c6cececed0ec.jpg,768,1133
id_tag,354,1054,128,59,e0e0c6cececed0ec.jpg,768,1133
color_palate,42,596,70,273,e0e0ce8c2307070f.jpg,768,1152
measuring_object,26,523,733,73,e0e0ce8c2307070f.jpg,768,1152
id_tag,31,29,536,213,e0e0ce8c2307070f.jpg,768,1152
info_tag,510,419,203,109,e0e0ce8c2307070f.jpg,768,1152
info_tag,26,387,244,130,e0e0ce8c2307070f.jpg,768,1152
info_tag,585,294,172,62,e0e0ce8c2307070f.jpg,768,1152
color_palate_and_measuring_object,702,0,66,627,e0e0d0e0a0c3838d.jpg,768,1153
id_tag,273,1085,128,52,e0e0d0e0a0c3838d.jpg,768,1153
color_palate_and_measuring_object,697,2,71,600,e0e0d4ccf1e1c1c5.jpg,768,1081
color_palate,554,327,398,245,e0e0d8878783c2e0.jpg,1152,768
color_palate_and_measuring_object,701,0,67,568,e0e0dc261a8de5c1.jpg,768,1015
id_tag,291,916,96,39,e0e0dc261a8de5c1.jpg,768,1015
color_palate,540,399,412,243,e0e0e0c8a72783f4.jpg,1152,768
color_palate_and_measuring_object,700,0,68,566,e0e0e0da9ce1f1c9.jpg,768,1011
color_palate_and_measuring_object,698,0,70,556,e0e0e0e0f0e181e1.jpg,768,1006
color_palate_and_measuring_object,708,0,60,567,e0e0e0e2f0c9d973.jpg,768,1017
color_palate_and_measuring_object,707,0,61,560,e0e0e0e2f0f9e193.jpg,768,1012
color_palate_and_measuring_object,707,0,61,562,e0e0f0b0f0f1e1dd.jpg,768,1012
color_palate_and_measuring_object,709,0,59,568,e0e0f0c8e0b1f1c1.jpg,768,1011
color_palate_and_measuring_object,702,0,66,563,e0e0f0d8f0f1e1c3.jpg,768,1005
color_palate_and_measuring_object,699,0,69,565,e0e0f0e0b4f9e1c5.jpg,768,1010
color_palate_and_measuring_object,710,0,58,566,e0e0f0e0e0f1e1e1.jpg,768,1016
color_palate_and_measuring_object,699,0,69,607,e0e0f0e6e1f1c1cd.jpg,768,1089
color_palate_and_measuring_object,701,0,67,552,e0e0f0eaf8f9f1ed.jpg,768,1007
color_palate_and_measuring_object,705,0,63,563,e0e0f0f0d83de3e1.jpg,768,1014
color_palate_and_measuring_object,709,0,59,556,e0e0f0f0f0e9f9f1.jpg,768,1006
color_palate_and_measuring_object,710,0,58,557,e0e0f2e2f0f1c9f1.jpg,768,1007
color_palate_and_measuring_object,708,0,60,559,e0e0f2f0f0f1f1af.jpg,768,1023
color_palate_and_measuring_object,708,0,60,566,e0e0f2f2f0f1f1b1.jpg,768,1023
color_palate_and_measuring_object,706,0,62,563,e0e0fadaf8f1b3f5.jpg,768,1018
color_palate_and_measuring_object,706,0,62,559,e0e0fcf2e0d5f1e9.jpg,768,1002
color_palate_and_measuring_object,705,0,63,560,e0e4e4f8f6d3e1b1.jpg,768,1013
color_palate,39,606,83,276,e0e4eeec21090f0f.jpg,768,1152
measuring_object,34,530,720,73,e0e4eeec21090f0f.jpg,768,1152
id_tag,26,29,556,216,e0e4eeec21090f0f.jpg,768,1152
info_tag,57,283,291,133,e0e4eeec21090f0f.jpg,768,1152
info_tag,468,398,270,96,e0e4eeec21090f0f.jpg,768,1152
info_tag,530,296,224,127,e0e4f6e1012c0602.jpg,768,1152
measuring_object,29,528,733,75,e0e4f6e1012c0602.jpg,768,1152
color_palate,29,588,86,273,e0e4f6e1012c0602.jpg,768,1152
info_tag,31,26,546,213,e0e4f6e1012c0602.jpg,768,1152
color_palate,34,601,86,276,e0e4f6f067640202.jpg,768,1152
measuring_object,29,530,731,75,e0e4f6f067640202.jpg,768,1152
id_tag,31,29,549,211,e0e4f6f067640202.jpg,768,1152
measuring_object,31,533,726,73,e0e4f8c30b1b0f07.jpg,768,1152
color_palate,36,837,96,268,e0e4f8c30b1b0f07.jpg,768,1152
id_tag,31,29,536,218,e0e4f8c30b1b0f07.jpg,768,1152
measuring_object,23,533,728,73,e0e4f8e30f0f0f07.jpg,768,1152
color_palate,39,832,86,278,e0e4f8e30f0f0f07.jpg,768,1152
id_tag,26,36,551,211,e0e4f8e30f0f0f07.jpg,768,1152
id_tag,29,29,549,213,e0e4f9c033171705.jpg,768,1152
measuring_object,29,530,726,70,e0e4f9c033171705.jpg,768,1152
color_palate,31,601,81,270,e0e4f9c033171705.jpg,768,1152
color_palate,36,601,75,270,e0e4f28213160600.jpg,768,1152
measuring_object,21,523,739,83,e0e4f28213160600.jpg,768,1152
color_palate,42,598,83,276,e0e4fc90030a0200.jpg,768,1152
measuring_object,31,533,737,73,e0e4fc90030a0200.jpg,768,1152
id_tag,31,26,554,221,e0e4fc90030a0200.jpg,768,1152
color_palate_and_measuring_object,706,0,62,564,e0e6f0909091b1e9.jpg,768,1016
id_tag,293,975,105,41,e0e6f0909091b1e9.jpg,768,1016
color_palate_and_measuring_object,131,1244,637,78,e0ecd4d4ccf6cc2a.jpg,768,1322
color_palate_and_measuring_object,133,1250,635,65,e0ececf4b270ec2a.jpg,768,1315
color_palate_and_measuring_object,134,1251,634,72,e0f0a0aea4a4f232.jpg,768,1323
color_palate_and_measuring_object,707,0,61,568,e0f0a2b2faf1f1d5.jpg,768,1019
color_palate_and_measuring_object,149,1241,619,68,e0f0b0b0a0a07c3b.jpg,768,1309
color_palate_and_measuring_object,702,0,66,553,e0f0b6cad2f3c9c9.jpg,768,1004
color_palate_and_measuring_object,703,0,65,561,e0f0b6969c9db5fd.jpg,768,1007
color_palate_and_measuring_object,709,0,59,555,e0f0c0b8f8f9f1ed.jpg,768,1020
color_palate_and_measuring_object,710,0,58,566,e0f0c2e2e2e1f3ed.jpg,768,1015
color_palate_and_measuring_object,703,0,65,572,e0f0c6e0d8c9e1c1.jpg,768,1021
color_palate_and_measuring_object,698,0,70,558,e0f0c48cf0f1e1f5.jpg,768,1004
color_palate_and_measuring_object,703,0,65,586,e0f0ca622e3de3e7.jpg,768,1051
color_palate_and_measuring_object,701,0,67,611,e0f0ce2eac93e7c3.jpg,768,1045
id_tag,512,649,132,64,e0f0ce2eac93e7c3.jpg,768,1045
color_palate_and_measuring_object,700,0,68,597,e0f0ceee602139b1.jpg,768,1107
id_tag,555,872,122,62,e0f0ceee602139b1.jpg,768,1107
color_palate_and_measuring_object,702,0,66,572,e0f0e0e2f0d1f1eb.jpg,768,1025
id_tag,301,957,111,46,e0f0e0e2f0d1f1eb.jpg,768,1025
color_palate_and_measuring_object,709,0,59,561,e0f0e0f8f8f5f1c5.jpg,768,1011
id_tag,280,919,103,48,e0f0e0f8f8f5f1c5.jpg,768,1011
color_palate_and_measuring_object,707,0,61,555,e0f0e6eab8b9f1e1.jpg,768,1005
color_palate_and_measuring_object,703,0,65,561,e0f0e896b4f1f1e1.jpg,768,1007
color_palate_and_measuring_object,705,0,63,565,e0f0e2929ce1f3c9.jpg,768,999
measuring_object,3,620,856,148,e3cf3d19934ba3b3.jpg,1087,768
measuring_object,660,4,168,764,e3e1e1e3e1a1a1e3.jpg,1446,768
info_tag,4,152,648,287,e3e1e1e3e1a1a1e3.jpg,1446,768
info_tag,35,45,609,215,e3e2e129113191d2.jpg,1141,768
info_tag,251,293,376,229,e3e2e129113191d2.jpg,1141,768
measuring_object,663,0,73,768,e3e2e129113191d2.jpg,1141,768
measuring_object,0,625,645,143,e3e3d393f3e3f3f0.jpg,828,768
measuring_object,2,630,647,138,e3e3e696e6e6f3c1.jpg,822,768
measuring_object,0,641,654,127,e3e32f9eaee6f6f1.jpg,828,768
color_palate_and_measuring_object,704,0,65,607,e4a4ccccd8d12138.jpg,768,1112
color_palate_and_measuring_object,695,0,73,600,e4a4f8f25243e1e1.jpg,768,1040
measuring_object,34,530,734,78,e4a496e113160200.jpg,768,1152
color_palate,34,602,86,270,e4a496e113160200.jpg,768,1152
color_palate,34,597,81,268,e4a499e1131b170f.jpg,768,1152
measuring_object,31,530,728,73,e4a499e1131b170f.jpg,768,1152
color_palate,475,259,477,331,e4b02c2f0303e3cc.jpg,1152,768
color_palate,31,576,78,268,e4b48bcb2e2ef6cf.jpg,768,1152
measuring_object,26,517,728,68,e4b48bcb2e2ef6cf.jpg,768,1152
color_palate_and_measuring_object,707,0,61,568,e4c4cccef0e1f1f1.jpg,768,1020
color_palate_and_measuring_object,697,0,71,604,e4c6b2a2b093e7cc.jpg,768,1047
color_palate_and_measuring_object,699,0,69,573,e4c8d8c8ecede1cd.jpg,768,1000
measuring_object,3,625,1147,143,e4c8e2b6969e68a0.jpg,1150,768
measuring_object,5,701,1051,67,e4c8f2ae8e8cac82.jpg,1150,768
id_tag,335,189,211,552,e4c4909292d0d0d0.jpg,768,2224
color_palate_and_measuring_object,705,0,63,571,e4c6462623a7e569.jpg,768,1022
id_tag,274,914,99,39,e4c6462623a7e569.jpg,768,1022
measuring_object,34,535,734,78,e4e4e6c621391b07.jpg,768,1152
color_palate,47,589,81,289,e4e4e6c621391b07.jpg,768,1152
id_tag,31,26,583,237,e4e4e6c621391b07.jpg,768,1152
color_palate,42,600,83,278,e4e4e6e6032d3917.jpg,768,1152
measuring_object,31,530,723,83,e4e4e6e6032d3917.jpg,768,1152
measuring_object,31,524,736,88,e4e4e28009130f0f.jpg,768,1152
id_tag,26,29,588,231,e4e4e28009130f0f.jpg,768,1152
measuring_object,31,532,736,78,e4e4eae2272b0d07.jpg,768,1152
color_palate,31,608,91,270,e4e4eae2272b0d07.jpg,768,1152
id_tag,26,36,583,231,e4e4eae2272b0d07.jpg,768,1152
color_palate,36,600,73,270,e4e4ebf325293107.jpg,768,1152
measuring_object,26,530,723,73,e4e4ebf325293107.jpg,768,1152
id_tag,26,23,577,242,e4e4ebf325293107.jpg,768,1152
color_palate,36,602,88,281,e4e4ecee31310303.jpg,768,1152
measuring_object,21,535,744,73,e4e4ecee31310303.jpg,768,1152
id_tag,23,23,588,239,e4e4ecee31310303.jpg,768,1152
color_palate,29,571,81,273,e4e4f0f62a3ad6ce.jpg,768,1152
measuring_object,23,509,726,78,e4e4f0f62a3ad6ce.jpg,768,1152
id_tag,21,3,583,234,e4e4f0f62a3ad6ce.jpg,768,1152
measuring_object,21,532,726,70,e4e4f2d628381a0f.jpg,768,1152
color_palate,26,600,88,270,e4e4f2d628381a0f.jpg,768,1152
id_tag,21,29,572,224,e4e4f2d628381a0f.jpg,768,1152
color_palate,37,608,78,277,e4e4f2e1230a1600.jpg,768,1152
measuring_object,23,530,726,78,e4e4f2e1230a1600.jpg,768,1152
id_tag,26,26,556,218,e4e4f2e1230a1600.jpg,768,1152
color_palate,42,610,83,268,e4e4f2e221130703.jpg,768,1152
measuring_object,31,535,723,68,e4e4f2e221130703.jpg,768,1152
id_tag,26,34,583,218,e4e4f2e221130703.jpg,768,1152
color_palate,34,608,80,288,e4e4f3eb3a17070f.jpg,768,1152
measuring_object,31,533,728,65,e4e4f3eb3a17070f.jpg,768,1152
id_tag,23,26,580,229,e4e4f3eb3a17070f.jpg,768,1152
color_palate_and_measuring_object,699,0,69,554,e4e4f6a27065f5ed.jpg,768,1015
color_palate,48,606,83,280,e4e4f6e4532c6c76.jpg,768,1152
measuring_object,23,532,728,73,e4e4f6e4532c6c76.jpg,768,1152
measuring_object,29,524,726,75,e4e4f8a43b0f0f1f.jpg,768,1152
color_palate,31,595,83,278,e4e4f8a43b0f0f1f.jpg,768,1152
measuring_object,26,530,733,78,e4e4f8b28c0f870f.jpg,768,1152
measuring_object,26,530,726,73,e4e4f8c013071212.jpg,768,1152
color_palate,26,605,94,263,e4e4f8c013071212.jpg,768,1152
color_palate,42,621,88,265,e4e4f8e1332d3307.jpg,768,1152
measuring_object,42,535,726,65,e4e4f8e1332d3307.jpg,768,1152
measuring_object,34,537,726,70,e4e4f8e6211b1707.jpg,768,1152
color_palate,34,605,91,270,e4e4f8e6211b1707.jpg,768,1152
color_palate,35,605,75,266,e4e4f8ec1232070f.jpg,768,1152
measuring_object,21,527,726,70,e4e4f8ec1232070f.jpg,768,1152
measuring_object,34,530,710,68,e4e4f9f0326cb992.jpg,768,1152
color_palate,34,600,81,270,e4e4f9f0326cb992.jpg,768,1152
measuring_object,26,524,733,73,e4e4f283391b9793.jpg,768,1152
color_palate,21,592,86,278,e4e4f283391b9793.jpg,768,1152
color_palate,36,600,75,270,e4e4f2910733330f.jpg,768,1152
measuring_object,26,535,728,73,e4e4f2910733330f.jpg,768,1152
measuring_object,26,530,731,73,e4e4fab2c6218b07.jpg,768,1152
measuring_object,21,524,728,78,e4e4fab62e22160f.jpg,768,1152
color_palate,21,597,88,281,e4e4fab62e22160f.jpg,768,1152
color_palate,29,595,75,283,e4e4fab226320207.jpg,768,1152
measuring_object,18,530,728,73,e4e4fab226320207.jpg,768,1152
measuring_object,26,524,733,75,e4e4fb8303071707.jpg,768,1152
color_palate,23,527,731,75,e4e4fbc1070f0f03.jpg,768,1152
measuring_object,31,524,737,68,e4e4fbc00529338f.jpg,768,1152
color_palate,39,600,83,273,e4e4fbc00529338f.jpg,768,1152
color_palate,26,597,81,270,e4e4fcf80c2b120f.jpg,768,1152
measuring_object,21,530,723,73,e4e4fcf80c2b120f.jpg,768,1152
measuring_object,31,530,728,78,e4e4fcf62607070f.jpg,768,1152
color_palate,36,602,78,263,e4e4fcf62607070f.jpg,768,1152
measuring_object,21,524,733,75,e4e4fea6920b8f13.jpg,768,1152
measuring_object,29,530,720,68,e4e4fef60e28320f.jpg,768,1152
color_palate,36,602,75,268,e4e4fef60e28320f.jpg,768,1152
color_palate,36,604,78,279,e4e4fef84c4c1202.jpg,768,1152
measuring_object,26,530,733,73,e4e4fef84c4c1202.jpg,768,1152
measuring_object,1,625,1149,143,e4e6ec96b6e87092.jpg,1150,768
color_palate_and_measuring_object,705,0,63,593,e4e8c272b2f1e7e7.jpg,768,1052
measuring_object,26,527,728,78,e4e09a9239250707.jpg,768,1152
color_palate,26,602,83,263,e4e09a9239250707.jpg,768,1152
color_palate,32,606,80,273,e4e45a8631070f1f.jpg,768,1152
measuring_object,23,519,726,78,e4e45a8631070f1f.jpg,768,1152
measuring_object,29,530,720,68,e4e45ac6392d2f1f.jpg,768,1152
color_palate,36,589,88,289,e4e45ac6392d2f1f.jpg,768,1152
color_palate,33,603,82,275,e4e45be7190b0b1f.jpg,768,1152
measuring_object,16,527,739,75,e4e45be7190b0b1f.jpg,768,1152
measuring_object,21,530,736,78,e4e46b9269692917.jpg,768,1152
color_palate,29,597,81,276,e4e46b9269692917.jpg,768,1152
color_palate,34,610,70,263,e4e47ae01a1b1b86.jpg,768,1152
measuring_object,21,535,733,78,e4e47ae01a1b1b86.jpg,768,1152
measuring_object,26,535,731,73,e4e47af22c2f1684.jpg,768,1152
color_palate,23,602,81,270,e4e47af22c2f1684.jpg,768,1152
color_palate,36,595,86,276,e4e47af30f4c790b.jpg,768,1152
measuring_object,23,527,736,75,e4e47af30f4c790b.jpg,768,1152
measuring_object,18,527,736,75,e4e47b9309696907.jpg,768,1152
color_palate,18,600,88,268,e4e47b9309696907.jpg,768,1152
measuring_object,23,527,745,86,e4e47bc3b3070703.jpg,768,1152
color_palate,36,597,86,283,e4e47bc3b3070703.jpg,768,1152
id_tag,23,33,593,224,e4e47bc3b3070703.jpg,768,1152
color_palate,31,602,91,265,e4e47bcc33296923.jpg,768,1152
measuring_object,21,530,731,68,e4e47bcc33296923.jpg,768,1152
measuring_object,26,530,733,83,e4e47be1272f2307.jpg,768,1152
color_palate,31,608,81,265,e4e47be1272f2307.jpg,768,1152
color_palate,28,605,84,272,e4e48bc001171585.jpg,768,1152
measuring_object,16,530,736,70,e4e48bc001171585.jpg,768,1152
color_palate,38,605,79,276,e4e48c8e630f0705.jpg,768,1152
measuring_object,26,535,728,73,e4e48c8e630f0705.jpg,768,1152
measuring_object,21,535,739,83,e4e48eec333f0f0f.jpg,768,1152
color_palate,26,618,88,260,e4e48eec333f0f0f.jpg,768,1152
id_tag,29,29,580,224,e4e48eec333f0f0f.jpg,768,1152
measuring_object,26,530,733,75,e4e49a922d6d6c2b.jpg,768,1152
color_palate,31,831,83,276,e4e49a922d6d6c2b.jpg,768,1152
id_tag,16,18,590,229,e4e49a922d6d6c2b.jpg,768,1152
color_palate,31,602,75,276,e4e49a82230f0f07.jpg,768,1152
measuring_object,26,535,733,75,e4e49a82230f0f07.jpg,768,1152
id_tag,29,34,577,229,e4e49a82230f0f07.jpg,768,1152
measuring_object,16,530,744,78,e4e49a8103293b07.jpg,768,1152
color_palate,29,608,81,273,e4e49a8103293b07.jpg,768,1152
id_tag,23,29,562,218,e4e49a8103293b07.jpg,768,1152
measuring_object,23,524,736,75,e4e49a8257130317.jpg,768,1152
color_palate,26,826,91,273,e4e49a8257130317.jpg,768,1152
id_tag,26,26,577,226,e4e49a8257130317.jpg,768,1152
color_palate,42,831,83,270,e4e49ac2332f2913.jpg,768,1152
measuring_object,29,519,739,83,e4e49ac2332f2913.jpg,768,1152
id_tag,18,23,590,229,e4e49ac2332f2913.jpg,768,1152
color_palate,31,600,88,278,e4e49ac033031212.jpg,768,1152
measuring_object,21,527,733,70,e4e49ac033031212.jpg,768,1152
measuring_object,31,538,723,68,e4e49af6372f0f0f.jpg,768,1152
color_palate,31,606,73,276,e4e49af6372f0f0f.jpg,768,1152
id_tag,26,29,583,226,e4e49af6372f0f0f.jpg,768,1152
color_palate,35,601,80,273,e4e49b81730f0f52.jpg,768,1152
measuring_object,29,528,731,78,e4e49b81730f0f52.jpg,768,1152
id_tag,23,29,559,213,e4e49b81730f0f52.jpg,768,1152
measuring_object,26,528,733,75,e4e468cc172b3b17.jpg,768,1152
color_palate,39,601,75,270,e4e468cc172b3b17.jpg,768,1152
id_tag,29,23,580,224,e4e468cc172b3b17.jpg,768,1152
measuring_object,23,525,731,75,e4e472c23307170f.jpg,768,1152
color_palate,31,611,75,260,e4e472c23307170f.jpg,768,1152
id_tag,26,18,569,242,e4e472c23307170f.jpg,768,1152
measuring_object,31,523,720,78,e4e473c3150f1f3f.jpg,768,1152
color_palate,31,603,83,263,e4e473c3150f1f3f.jpg,768,1152
id_tag,31,29,567,231,e4e473c3150f1f3f.jpg,768,1152
measuring_object,21,525,731,75,e4e476c619070f1f.jpg,768,1152
color_palate,34,598,73,273,e4e476c619070f1f.jpg,768,1152
id_tag,18,23,585,234,e4e476c619070f1f.jpg,768,1152
measuring_object,26,538,731,65,e4e476e622171783.jpg,768,1152
color_palate,36,603,65,273,e4e476e622171783.jpg,768,1152
id_tag,21,31,580,224,e4e476e622171783.jpg,768,1152
id_tag,26,29,569,234,e4e478fc2517171f.jpg,768,1152
measuring_object,31,528,720,68,e4e478fc2517171f.jpg,768,1152
color_palate,39,596,73,270,e4e478fc2517171f.jpg,768,1152
measuring_object,18,530,736,70,e4e479c3171b1b17.jpg,768,1152
color_palate,31,598,75,273,e4e479c3171b1b17.jpg,768,1152
id_tag,23,29,575,229,e4e479c3171b1b17.jpg,768,1152
color_palate,32,602,81,276,e4e479c323070707.jpg,768,1152
id_tag,26,31,577,221,e4e479c323070707.jpg,768,1152
measuring_object,26,538,723,62,e4e479c323070707.jpg,768,1152
color_palate,35,607,80,264,e4e479c369290707.jpg,768,1152
measuring_object,26,528,726,70,e4e479c369290707.jpg,768,1152
id_tag,26,29,583,237,e4e479c369290707.jpg,768,1152
color_palate,34,602,80,276,e4e491c101030303.jpg,768,1152
id_tag,13,23,564,216,e4e491c101030303.jpg,768,1152
measuring_object,29,525,726,70,e4e491c101030303.jpg,768,1152
color_palate,36,601,79,273,e4e493e1520e0e52.jpg,768,1152
measuring_object,29,533,736,68,e4e493e1520e0e52.jpg,768,1152
id_tag,26,23,559,213,e4e493e1520e0e52.jpg,768,1152
id_tag,29,29,559,213,e4e493e005131305.jpg,768,1152
measuring_object,31,530,728,75,e4e493e005131305.jpg,768,1152
color_palate,36,601,78,276,e4e493e005131305.jpg,768,1152
measuring_object,23,530,731,68,e4e49696a6979707.jpg,768,1152
id_tag,26,34,577,218,e4e49696a6979707.jpg,768,1152
measuring_object,553,1,594,192,e4e456129e9e9c9c.jpg,1151,768
miscellaneous,5,1,541,194,e4e456129e9e9c9c.jpg,1151,768
id_tag,410,193,178,194,e4e456129e9e9c9c.jpg,1151,768
measuring_object,29,538,728,68,e4e492832b070f07.jpg,768,1152
color_palate,34,603,70,273,e4e492832b070f07.jpg,768,1152
id_tag,23,34,585,224,e4e492832b070f07.jpg,768,1152
id_tag,26,23,572,239,e4e498922b0b0b1f.jpg,768,1152
measuring_object,29,528,726,68,e4e498922b0b0b1f.jpg,768,1152
color_palate,42,593,73,276,e4e498922b0b0b1f.jpg,768,1152
measuring_object,31,538,723,62,e4e499936f27070f.jpg,768,1152
color_palate,31,603,81,273,e4e499936f27070f.jpg,768,1152
id_tag,26,36,583,226,e4e499936f27070f.jpg,768,1152
color_palate,30,606,82,273,e4e49692272f0f07.jpg,768,1152
measuring_object,21,533,733,73,e4e49692272f0f07.jpg,768,1152
id_tag,23,29,577,234,e4e49692272f0f07.jpg,768,1152
measuring_object,21,533,728,65,e4e49993293d1707.jpg,768,1152
color_palate,31,601,75,270,e4e49993293d1707.jpg,768,1152
id_tag,31,31,559,221,e4e49993293d1707.jpg,768,1152
color_palate,34,604,79,268,e4e4938251282c56.jpg,768,1152
measuring_object,26,525,733,75,e4e4938251282c56.jpg,768,1152
id_tag,26,26,559,216,e4e4938251282c56.jpg,768,1152
measuring_object,628,0,204,767,e5b56121312527a7.jpg,1389,768
info_tag,1,28,611,363,e5b56121312527a7.jpg,1389,768
measuring_object,5,532,584,236,e5c63f3d6cec9292.jpg,851,768
info_tag,565,5,281,156,e5c63f3d6cec9292.jpg,851,768
info_tag,563,3,295,140,e5c73f1d6eec9252.jpg,862,768
measuring_object,2,532,589,234,e5c73f1d6eec9252.jpg,862,768
info_tag,566,3,273,146,e5c74f1f6ece9292.jpg,839,768
measuring_object,0,529,593,238,e5c74f1f6ece9292.jpg,839,768
color_palate,44,676,96,338,e5e09a960f27178f.jpg,768,1152
measuring_object,21,533,731,73,e5e09a960f27178f.jpg,768,1152
info_tag,26,26,567,247,e5e09a960f27178f.jpg,768,1152
measuring_object,26,528,728,78,e5e079fc8e36168e.jpg,768,1152
color_palate,36,648,99,333,e5e079fc8e36168e.jpg,768,1152
id_tag,26,31,564,237,e5e079fc8e36168e.jpg,768,1152
measuring_object,674,3,170,763,e5e171e1a1a1e5e7.jpg,1433,768
info_tag,4,14,662,348,e5e171e1a1a1e5e7.jpg,1433,768
id_tag,237,377,414,201,e5e171e1a1a1e5e7.jpg,1433,768
measuring_object,767,0,219,757,e5f1a1b16121a1e6.jpg,1582,768
info_tag,74,157,623,206,e5f1a1b16121a1e6.jpg,1582,768
id_tag,239,440,365,194,e5f1a1b16121a1e6.jpg,1582,768
info_tag,53,98,644,307,e5f1b1f1616125e2.jpg,1611,768
measuring_object,768,4,220,763,e5f1b1f1616125e2.jpg,1611,768
id_tag,121,444,569,243,e5f1b1f1616125e2.jpg,1611,768
measuring_object,715,5,186,762,e5f1b1316131e1e6.jpg,1470,768
info_tag,39,135,635,224,e5f1b1316131e1e6.jpg,1470,768
id_tag,169,424,481,218,e5f1b1316131e1e6.jpg,1470,768
info_tag,7,178,850,400,e6a6f1f8fce4f4f4.jpg,1022,768
measuring_object,856,9,53,759,e6a6f1f8fce4f4f4.jpg,1022,768
info_tag,495,9,281,156,e6a6f1f8fce4f4f4.jpg,1022,768
id_tag,540,596,306,125,e6a6f1f8fce4f4f4.jpg,1022,768
measuring_object,529,0,41,763,e6a7a6e7e6e6e7e6.jpg,1023,768
info_tag,177,514,345,183,e6a7a6e7e6e6e7e6.jpg,1023,768
info_tag,212,75,314,123,e6a7a6e7e6e6e7e6.jpg,1023,768
measuring_object,1,546,569,218,e6a7a7a5ed4cb090.jpg,882,768
info_tag,562,240,315,179,e6a7a7a5ed4cb090.jpg,882,768
info_tag,567,11,275,136,e6a7a7a5ed4cb090.jpg,882,768
id_tag,562,156,138,80,e6a7a7a5ed4cb090.jpg,882,768
color_palate,20,11,60,55,7ceeb33f032f5353.jpg,883,768
measuring_object,80,7,436,67,7ceeb33f032f5353.jpg,883,768
info_tag,524,631,337,110,7ceeb33f032f5353.jpg,883,768
color_palate,20,11,66,60,7ceeb73b2b2f5353.jpg,883,768
measuring_object,82,9,434,66,7ceeb73b2b2f5353.jpg,883,768
info_tag,534,635,333,106,7ceeb73b2b2f5353.jpg,883,768
color_palate,20,11,67,57,7ceef773733f4772.jpg,883,768
measuring_object,80,11,433,64,7ceef773733f4772.jpg,883,768
measuring_object,80,7,431,67,7cfcb77b632f5351.jpg,883,768
color_palate,18,11,62,64,7cfcb77b632f5351.jpg,883,768
info_tag,525,633,335,110,7cfcb77b632f5351.jpg,883,768
measuring_object,3,0,259,494,8a4a4a8a6a2a74fc.jpg,1152,768
color_palate,26,501,241,197,8a4a4a8a6a2a74fc.jpg,1152,768
info_tag,399,603,562,165,8a4a4a8a6a2a74fc.jpg,1152,768
measuring_object,3,0,259,475,8a49292266a2b8fc.jpg,1152,768
color_palate,17,499,204,241,8a49292266a2b8fc.jpg,1152,768
info_tag,447,603,551,165,8a49292266a2b8fc.jpg,1152,768
color_palate_and_measuring_object,708,0,60,556,e4c2b23a8d6971cd.jpg,768,1014
color_palate_and_measuring_object,705,2,63,567,eae6c66aaa8991b5.jpg,768,1012
color_palate_and_measuring_object,250,1133,518,65,eae8e4e6d8f8f499.jpg,768,1198
color_palate_and_measuring_object,702,3,66,595,eaf0ccccf4e56171.jpg,768,1108
color_palate_and_measuring_object,709,12,59,554,eaf03a2a96e9e2c4.jpg,768,1048
info_tag,760,471,356,127,0031cc1f078a7106.jpg,1152,768
color_palate,696,0,78,740,4e36164c86049018.jpg,774,768
measuring_object,193,411,373,64,4e36164c86049018.jpg,774,768
measuring_object,270,521,575,150,5c3cc4c4c4e46464.jpg,1023,768
measuring_object,709,81,138,598,5c3cc4c4c4e46464.jpg,1023,768
measuring_object,172,517,493,222,5cce8ebebe46d592.jpg,1152,768
color_palate,716,505,194,160,5cce8ebebe46d592.jpg,1152,768
info_tag,699,98,391,356,5cce8ebebe46d592.jpg,1152,768
color_palate,41,0,493,333,5e270d4d65392127.jpg,768,1200
measuring_object,572,198,160,807,5e270d4d65392127.jpg,768,1200
measuring_object,604,97,158,785,5e76060d4d495d78.jpg,768,899
color_palate,52,2,473,325,5e76060d4d495d78.jpg,768,899
measuring_object,577,486,135,840,5e166779c9a1b1bb.jpg,768,1425
color_palate,44,32,515,360,5e166779c9a1b1bb.jpg,768,1425
color_palate_and_measuring_object,320,1,460,167,6a320e36361e0e68.jpg,1152,768
color_palate_and_measuring_object,700,5,68,595,6a485cced54dcdb1.jpg,768,1107
measuring_object,0,0,299,475,6a698b7676b06cf8.jpg,1152,768
color_palate,3,487,282,243,6a698b7676b06cf8.jpg,1152,768
info_tag,378,549,652,211,6a698b7676b06cf8.jpg,1152,768
measuring_object,70,13,374,47,7ca4bc96237732e0.jpg,768,1152
color_palate,18,10,55,44,7ca4bc96237732e0.jpg,768,1152
color_palate,16,8,52,49,7ca4bcb8dcbcb8f8.jpg,768,1152
measuring_object,65,0,382,60,7ca4bcb8dcbcb8f8.jpg,768,1152
color_palate,13,5,55,49,7ca4cecececcd193.jpg,768,1152
measuring_object,65,3,380,65,7ca4cecececcd193.jpg,768,1152
measuring_object,78,10,359,55,7ca4e4d6262c49d3.jpg,768,1152
color_palate,16,8,57,60,7ca4e4d6262c49d3.jpg,768,1152
measuring_object,65,0,377,57,7ca4fcb8f8b4f1d0.jpg,768,1152
color_palate,16,3,47,52,7ca4fcb8f8b4f1d0.jpg,768,1152
measuring_object,62,5,377,60,7ca7bbf4f8ecf8b9.jpg,768,1152
color_palate,5,5,57,55,7ca7bbf4f8ecf8b9.jpg,768,1152
measuring_object,62,3,374,62,7ca13bf9d99191f0.jpg,768,1152
measuring_object,10,5,55,57,7ca13bf9d99191f0.jpg,768,1152
measuring_object,70,10,364,60,7ca32bf6e6ced1e3.jpg,768,1152
color_palate,21,18,49,52,7ca32bf6e6ced1e3.jpg,768,1152
measuring_object,65,0,372,65,7ca33d717b5e16ea.jpg,768,1152
color_palate,16,8,55,52,7ca33d717b5e16ea.jpg,768,1152
measuring_object,57,5,380,55,7ca34f98b6bc91d8.jpg,768,1152
color_palate,8,8,55,47,7ca34f98b6bc91d8.jpg,768,1152
measuring_object,68,0,377,62,7ca53b1fa8d8ec2e.jpg,768,1152
color_palate,3,3,55,55,7ca53b1fa8d8ec2e.jpg,768,1152
color_palate,10,13,57,47,7cc0f8f0e8d4f8f1.jpg,768,1152
measuring_object,62,5,377,57,7cc0f8f0e8d4f8f1.jpg,768,1152
color_palate,10,3,60,57,7cc0f931b170f1f1.jpg,768,1152
measuring_object,68,0,377,65,7cc0f931b170f1f1.jpg,768,1152
measuring_object,62,0,374,70,7cc0fad4f2e8e3e1.jpg,768,1152
color_palate,13,10,52,57,7cc0fad4f2e8e3e1.jpg,768,1152
measuring_object,62,0,380,68,7cc0fcd4ecdce1e0.jpg,768,1152
color_palate,10,3,52,70,7cc0fcd4ecdce1e0.jpg,768,1152
measuring_object,53,0,387,62,7cc4f4b8bcf6b9d9.jpg,768,1150
color_palate,1,3,52,52,7cc4f4b8bcf6b9d9.jpg,768,1150
color_palate,10,5,52,57,7cc4f8f4f8fca1c1.jpg,768,1152
measuring_object,65,3,374,60,7cc4f8f4f8fca1c1.jpg,768,1152
measuring_object,65,3,369,57,7cc4f8f5596dd1d9.jpg,768,1152
color_palate,16,13,49,47,7cc4f8f5596dd1d9.jpg,768,1152
measuring_object,68,0,364,60,7cc4faf8f8f8f8f1.jpg,768,1152
color_palate,10,0,55,57,7cc4faf8f8f8f8f1.jpg,768,1152
measuring_object,65,8,380,52,7cc4fbddd4fde9c5.jpg,768,1152
color_palate,13,10,52,49,7cc4fbddd4fde9c5.jpg,768,1152
color_palate_and_measuring_object,101,1453,664,80,016861f0e4ccc833.jpg,768,1533
measuring_object,3,524,1148,243,17570b6b6babeca6.jpg,1151,768
measuring_object,902,1,249,760,17570b6b6babeca6.jpg,1151,768
color_palate,672,0,96,1068,18409c9c8c9ce0f4.jpg,768,1068
measuring_object,597,27,77,359,18409c9c8c9ce0f4.jpg,768,1068
color_palate_and_measuring_object,714,14,54,544,20021a380903210d.jpg,768,1034
color_palate_and_measuring_object,713,2,55,540,0020101a1313130d.jpg,768,1023
color_palate_and_measuring_object,699,0,69,628,020202a2c0c98181.jpg,768,1159
color_palate_and_measuring_object,704,0,64,635,020202a08089a181.jpg,768,1158
color_palate_and_measuring_object,699,3,69,632,00020282c085a1a1.jpg,768,1161
color_palate_and_measuring_object,704,0,64,625,20326a2c26b3b579.jpg,768,1158
color_palate_and_measuring_object,706,0,62,597,20404c4e46057366.jpg,768,1112
color_palate_and_measuring_object,701,0,67,629,22020a828081a1a1.jpg,768,1156
color_palate_and_measuring_object,700,0,68,624,22121a26064b6361.jpg,768,919
color_palate_and_measuring_object,708,0,60,567,0022222a64311949.jpg,768,1059
color_palate_and_measuring_object,707,0,61,598,22267a726a4ff973.jpg,768,1108
color_palate_and_measuring_object,704,0,64,622,22324e0e1e4b13b9.jpg,768,1158
color_palate_and_measuring_object,704,0,64,615,a280e0e08081b1b1.jpg,768,1130
color_palate_and_measuring_object,698,0,70,578,a282c6c6a2737234.jpg,768,1036
measuring_object,241,36,692,113,1b1f4999a9e1e956.jpg,1152,768
color_palate,845,253,275,398,1b1f4999a9e1e956.jpg,1152,768
measuring_object,73,963,416,73,1b2f0949c8c268e9.jpg,768,1153
color_palate,590,895,178,258,1b2f0949c8c268e9.jpg,768,1153
color_palate,90,862,309,220,1b3b6b4b425a185c.jpg,768,1189
measuring_object,651,687,117,502,1b3b6b4b425a185c.jpg,768,1189
color_palate_and_measuring_object,703,0,65,566,1b3b33531b073f39.jpg,768,1015
color_palate,138,0,279,191,1b3be1aca2287869.jpg,768,1388
measuring_object,557,22,94,445,1b3be1aca2287869.jpg,768,1388
color_palate,176,63,162,242,1b3c3ce09884cc22.jpg,768,1218
measuring_object,374,1125,394,93,1b3c3ce09884cc22.jpg,768,1218
color_palate,144,8,252,179,1b4a383233c68587.jpg,768,1242
measuring_object,682,154,64,451,1b4a383233c68587.jpg,768,1242
color_palate,6,804,163,240,1b4b34266464d3f7.jpg,768,1183
measuring_object,679,457,69,411,1b4b34266464d3f7.jpg,768,1183
color_palate,2,432,183,263,1b5a199d7373f974.jpg,768,781
measuring_object,607,236,97,457,1b5a199d7373f974.jpg,768,781
color_palate,108,0,266,174,1b5b4a2d235b9d6d.jpg,768,1307
measuring_object,302,1218,434,89,1b5b4a2d235b9d6d.jpg,768,1307
measuring_object,171,662,976,106,1b5b7d4963793d27.jpg,1147,768
measuring_object,310,879,93,481,1b5f7f3b85fb3949.jpg,768,1376
color_palate,0,972,283,202,1b5f7f3b85fb3949.jpg,768,1376
color_palate,7,1157,240,168,1b7b5e8686263670.jpg,768,1328
measuring_object,694,459,74,402,1b7b5e8686263670.jpg,768,1328
measuring_object,245,12,385,60,1b7c76dacd4d6cd5.jpg,768,1107
color_palate,325,660,155,227,1b7c76dacd4d6cd5.jpg,768,1107
color_palate,0,831,255,177,1b33b37b3a0b6371.jpg,768,1008
measuring_object,305,826,432,82,1b33b37b3a0b6371.jpg,768,1008
measuring_object,574,56,469,161,1b69a99b9796a798.jpg,1146,768
measuring_object,16,1027,445,81,1b71b048d9554161.jpg,768,1194
color_palate,503,1005,265,189,1b71b048d9554161.jpg,768,1194
color_palate,300,353,181,271,1b334c4c4a4a4a6b.jpg,768,1251
measuring_object,665,359,82,432,1b334c4c4a4a4a6b.jpg,768,1251
measuring_object,931,3,221,765,1b530b6b6b035300.jpg,1152,768
measuring_object,3,596,1149,171,1b530b6b6b035300.jpg,1152,768
measuring_object,214,1287,445,87,1b566d1f5b7b3371.jpg,768,1380
color_palate,98,0,277,187,1b566d1f5b7b3371.jpg,768,1380
color_palate,0,526,1151,242,1b572b6b6bebddbf.jpg,1151,768
color_palate,909,0,242,768,1b572b6b6bebddbf.jpg,1151,768
color_palate,157,37,237,174,1b19092d3396a9ab.jpg,768,1030
measuring_object,13,618,72,393,1b19092d3396a9ab.jpg,768,1030
color_palate,0,999,265,189,1b19482c24197e33.jpg,768,1268
measuring_object,657,275,89,444,1b19482c24197e33.jpg,768,1268
color_palate,226,2,218,159,1d3c344879496b76.jpg,768,1099
measuring_object,692,198,57,382,1d3c344879496b76.jpg,768,1099
color_palate,551,1048,217,314,1d9b9b9123018879.jpg,768,1362
measuring_object,16,1085,520,89,1d9b9b9123018879.jpg,768,1362
measuring_object,588,74,89,494,1d556d2d2d25d340.jpg,768,841
color_palate,472,636,296,205,1d556d2d2d25d340.jpg,768,841
color_palate,616,592,177,81,1dc20339473e27c6.jpg,1147,768
color_palate,202,23,294,180,1e0d31372d672337.jpg,768,1141
measuring_object,642,173,62,386,1e0d31372d672337.jpg,768,1141
color_palate,492,999,263,188,1e0e2e2626262371.jpg,768,1187
measuring_object,666,560,86,429,1e0e2e2626262371.jpg,768,1187
color_palate_and_measuring_object,703,0,65,613,1e0e8ed49635a9e1.jpg,768,1117
color_palate,165,0,275,187,1e0faeace5c694d7.jpg,768,1356
measuring_object,244,1264,447,80,1e0faeace5c694d7.jpg,768,1356
measuring_object,7,804,51,249,1e1c1a17618bb9f5.jpg,768,1138
color_palate,1,720,53,84,1e1c1a17618bb9f5.jpg,768,1138
color_palate,151,0,259,186,1e1c2637930b49c9.jpg,768,1383
measuring_object,229,1276,459,107,1e1c2637930b49c9.jpg,768,1383
measuring_object,790,445,278,53,1e1e6e1f1ddbd82c.jpg,1152,768
measuring_object,3,623,1149,67,1e1e6e1f1ddbd82c.jpg,1152,768
measuring_object,255,58,520,88,1e1e57515151474e.jpg,1152,768
color_palate,905,299,213,301,1e1e57515151474e.jpg,1152,768
color_palate,4,673,74,120,1e3e0d47cbbba5a5.jpg,768,1213
measuring_object,2,790,66,309,1e3e0d47cbbba5a5.jpg,768,1213
color_palate,602,502,150,218,1e3e6a5f0d0d1f0f.jpg,768,1108
measuring_object,690,59,58,288,1e3e6a5f0d0d1f0f.jpg,768,1108
color_palate_and_measuring_object,704,0,64,586,1e4c5e322f2b1f9d.jpg,768,1115
color_palate,171,0,263,178,1e4f604a4244d1e5.jpg,768,1215
measuring_object,703,340,65,455,1e4f604a4244d1e5.jpg,768,1215
measuring_object,742,48,164,672,1e5ee6e686e666e6.jpg,1023,768
measuring_object,245,556,657,164,1e5ee6e686e666e6.jpg,1023,768
measuring_object,584,5,96,763,1e7d79a9a965968d.jpg,1108,768
measuring_object,704,176,59,371,1e8eae36969aaa98.jpg,768,1097
color_palate,157,2,218,154,1e8eae36969aaa98.jpg,768,1097
color_palate,385,1282,383,266,1e9c9f0f231b27e4.jpg,768,1548
measuring_object,92,1164,636,112,1e9c9f0f231b27e4.jpg,768,1548
measuring_object,26,314,734,152,1e060d4b990b3a78.jpg,768,1349
color_palate,93,3,448,305,1e060d4b990b3a78.jpg,768,1349
color_palate,48,484,821,284,0726203830444c3c.jpg,869,768
color_palate,510,712,258,181,030b452f2a4dc1f0.jpg,768,893
measuring_object,276,599,433,91,030b452f2a4dc1f0.jpg,768,893
measuring_object,3,0,375,445,29dd4d2d27f4bebb.jpg,1152,768
color_palate,35,468,333,285,29dd4d2d27f4bebb.jpg,1152,768
color_palate,598,0,170,246,307923666c6e64a4.jpg,768,1226
measuring_object,700,609,68,434,307923666c6e64a4.jpg,768,1226
color_palate_and_measuring_object,701,7,67,575,323232662a3361c5.jpg,768,1070
color_palate_and_measuring_object,694,0,74,632,325322321c1dcd8b.jpg,768,1152
color_palate,67,12,228,159,332386060c0d5912.jpg,768,1100
measuring_object,683,228,70,392,332386060c0d5912.jpg,768,1100
color_palate,456,0,230,156,337163646c6c0d45.jpg,768,1131
measuring_object,701,421,67,388,337163646c6c0d45.jpg,768,1131
measuring_object,0,3,164,1417,393030391b323218.jpg,768,1420
measuring_object,690,238,70,431,393232382b673118.jpg,768,1239
color_palate,337,716,260,182,393232382b673118.jpg,768,1239
color_palate,524,242,244,180,5351885749665545.jpg,768,1230
measuring_object,346,1144,411,75,5351885749665545.jpg,768,1230
color_palate,682,74,86,524,5404001818101019.jpg,768,1089
measuring_object,677,597,66,374,5404001818101019.jpg,768,1089
color_palate,353,980,415,289,5503072729192760.jpg,768,1269
color_palate,30,17,693,123,5503072729192760.jpg,768,1269
color_palate,676,86,92,562,6652aa4c48848cc4.jpg,768,1083
measuring_object,673,648,68,372,6652aa4c48848cc4.jpg,768,1083
color_palate,18,626,174,248,6664cc5a686c3ce4.jpg,768,1222
measuring_object,677,378,91,408,6664cc5a686c3ce4.jpg,768,1222
color_palate,375,3,258,160,6713a2aecd9367ad.jpg,768,1142
measuring_object,0,343,68,428,6713a2aecd9367ad.jpg,768,1142
measuring_object,0,483,73,442,6930ccabb38d23d4.jpg,768,1281
color_palate,524,0,244,173,6930ccabb38d23d4.jpg,768,1281
color_palate,28,17,856,158,a0269a8a8a9a8aaa.jpg,1671,768
measuring_object,877,40,738,124,a0269a8a8a9a8aaa.jpg,1671,768
color_palate_and_measuring_object,705,0,63,592,a0282a6676c74d89.jpg,768,1098
color_palate,549,249,460,271,a034b3c703a3d4e0.jpg,1152,768
color_palate,515,0,253,178,a150a6b2a29020c3.jpg,768,1254
measuring_object,0,371,71,444,a150a6b2a29020c3.jpg,768,1254
measuring_object,0,0,382,75,a282a2aaa280a0a0.jpg,768,1152
color_palate,380,3,47,62,a282a2aaa280a0a0.jpg,768,1152
measuring_object,0,0,380,68,a286a76a51e6e488.jpg,768,1152
color_palate,377,0,52,65,a286a76a51e6e488.jpg,768,1152
measuring_object,0,23,365,55,a292a686aeaeaaba.jpg,768,1114
color_palate,357,0,411,80,a292a686aeaeaaba.jpg,768,1114
measuring_object,52,39,346,49,a298b2b2b2f2bacc.jpg,768,1152
color_palate,397,37,49,54,a298b2b2b2f2bacc.jpg,768,1152
color_palate_and_measuring_object,444,46,284,42,a298b2b2b2f2bacc.jpg,768,1152
measuring_object,0,8,385,60,a40c2c4e5e9896a0.jpg,768,1152
color_palate,382,13,47,52,a40c2c4e5e9896a0.jpg,768,1152
measuring_object,0,0,380,65,a40c59ca3b96aa88.jpg,768,1152
color_palate,380,0,49,65,a40c59ca3b96aa88.jpg,768,1152
measuring_object,0,0,380,65,a40cb29952b2b8b2.jpg,768,1152
color_palate,377,3,55,57,a40cb29952b2b8b2.jpg,768,1152
color_palate,686,43,82,445,a42a1214322660d4.jpg,768,1121
measuring_object,683,486,71,390,a42a1214322660d4.jpg,768,1121
color_palate_and_measuring_object,701,0,67,557,acf0f29adcdbe3e5.jpg,768,1016
color_palate,596,211,172,252,ad0c110c0c13cf48.jpg,768,1215
measuring_object,670,464,98,417,ad0c110c0c13cf48.jpg,768,1215
color_palate,265,793,141,95,ad596d319c8fcfc8.jpg,768,1024
color_palate,313,1246,305,207,add5914466350dc3.jpg,768,1453
measuring_object,0,0,490,102,add5914466350dc3.jpg,768,1453
color_palate_and_measuring_object,698,0,70,623,ae1cda2e3ce3abed.jpg,768,1136
color_palate_and_measuring_object,697,0,71,580,b0743472f0a5a4c4.jpg,768,1032
measuring_object,70,38,350,58,b298cab8b08a9aa2.jpg,768,1152
color_palate,419,44,47,57,b298cab8b08a9aa2.jpg,768,1152
color_palate_and_measuring_object,463,54,283,46,b298cab8b08a9aa2.jpg,768,1152
color_palate_and_measuring_object,697,0,71,581,b2b292a0a2b1a4e4.jpg,768,1033
measuring_object,26,179,139,278,b425051b1b919585.jpg,1152,768
measuring_object,40,475,111,90,b425051b1b919585.jpg,1152,768
color_palate,688,417,323,242,b438585a533331d9.jpg,1149,768
color_palate,648,110,356,208,b833335b1c18b090.jpg,1152,768
color_palate_and_measuring_object,687,14,72,551,b890948c9eb4b4a0.jpg,768,1022
measuring_object,165,17,353,59,b892968e868e92e2.jpg,768,1152
color_palate,518,15,50,61,b892968e868e92e2.jpg,768,1152
